Gene,Reference
ld,ld
(40-50,(40-50
pam212,pam212
7,7
015,015
>80,>80
c,c
y,psmb6
250,250
fcs,fcs
100,100
(gibco,(gibco
>50,>50
sds-page,sds-page
fas,spf
i,i
50,50
fret,fret
ha,ha
(c,(c
mdck,mdck
rna,rna
(coolsnap,(coolsnap
rhoa,rho12
fa,fanch
yfp/cfp,yfp/cfp
24,24
nmumg,nmumg
we,we
d-f,d-f
e,e
s3),s3)
bj,bj
ubi),ubi)
(b,(b
pfa,pfa
lys454,lys454
c),c)
(4g10),(4g10)
sem,sem
pbs,pbr
106,106
3t3,3t3
dme,dme
cy3,cy3
10%,10%
(g,(g
nm,clone-23970
s3,isg58
s2,ncrna00021
4g10,4g10
sirnas,sirnas
431,431
f),f)
(frnk),(frnk)
a,a
(fat),(fat)
(dic),(dic)
it,it
t,t
>1,>1
510,510
e3,u106
n,n
60,60
4%,4%
4,4
p130,rab3gap130
1-8,1-8
~15,~15
s1),s1)
(a,(a
(e,(e
5,5
y861f,y861f
(d,(d
fat,gp6
e-,e-
h),h)
37,37
sirna,sirna
~5,~5
rac1t17,rac1t17
in,in
(fret),(fret)
cdnas,cdnas
by,by
b,b
s4,psmc1
s1,htr2b
frnk,fak
70,70
to,trpo
gtp-rac1,gtp-rac1
1,1
lim,l9
104,104
30,30
hq,hq
cdna,cdna
mm,mm
d),d)
(>20,(>20
20,20
(10,(10
edta,edta
15,15
on,sparc
as,linc02605
e),e)
brl),brl)
6,6
~30-40,~30-40
h,hfe
vegf,vegf
gtp,gtpbp7
hela,hela
>30,>30
2,2
b),b)
cdc42,cdc42
g,g
(lsm,(lsm
d,d
(opg),(opg)
s100ss,s100ss
ko,hox2h
(pnet),(pnet)
c-myc,myc
concluding,concluding
10,10
remarks,remarks
rcas-pdgf,rcas-pdgf
gemm,gemm
cdkn2a,hist1h4d
shh,smmci
gfap-cre,gfap-cre
pnet,pnet
kras,ki-ras
nf1,arcl
rcas-shh,rcas-shh
gli,ppd1
(gbm,(gbm
gfapt121,gfapt121
pdgfr,cd140b
using,using
19q,19q
gbm,gbm
smoa1,smoa1
(pdgf),(pdgf)
gfap,alxdrd
196,196
~15%,~15%
100%,100%
sv40,sv40
(shh),(shh)
1-3,1-3
pi3k,cst-1
(pdgfr),(pdgfr)
rcas-kras,rcas-kras
smom2,smom2
glioma,glioma
non-cns,non-cns
cdkn2/p16,cdkn2/p16
erbb,errp
ros,ros
20x,20x
1p,1p
for,hhcma56
(gfap),(gfap)
50%,50%
15%,15%
smoh,hspc022
sh2,sh2
smo,hspc022
(t121),(t121)
brca2,tas2r62p
iv,iv
g1,g1
(mri),(mri)
10-12,10-12
(gemms),(gemms)
cd133,srxy8
3-5,3-5
cdk4,cdk4
10-20,10-20
3,3
17q,17q
of,p250
5-10,5-10
tp53,lfs1
brain,brain
dna,dna
an,wt1
rcas-pdgf-b,rcas-pdgf-b
(ptch),(ptch)
mtor,frap
(gbm),(gbm)
gbm),gbm)
trp53,lfs1
20%,20%
ink4a,hist1h4d
opg,pdb5
nf1/p53,nf1/p53
models,models
pdgf,pdgf
pdgf-b,pdgf-b
(cscs),(cscs)
rtks,rtks
studies,studies
(cns),(cns)
rcas-cre,rcas-cre
akt,cakb
cns,cns
gemms,gemms
147,147
nfkb,nfkb
gfap12,gfap12
ptch,hist1h4d
2-7,2-7
23,23
ptc1,hist1h4d
mycn,mycnot
(igf2),(igf2)
igf2,igf-ii
(egfr),(egfr)
s100-v-erbb,s100-v-erbb
ptk787,ptk787
lg,lg
rb,rb1
am,opa11
40,40
li,li
opgs,opgs
pten,glm2
tumor,tumor
60%,60%
arf,hist1h4d
rcas,rcas
nd2,mtnd2
ptch1,hist1h4d
momulv,momulv
(vegfr),(vegfr)
dsbs,dsbs
cscs,cscs
ec,ec
(smo),(smo)
(pdgf-b),(pdgf-b)
csc,csc
xrcc4,ssmed
rtk,rtk
92%,92%
mycc,myc
fig-ros,fig-ros
sufu,sufuh
hg,hg
preclinical,preclinical
mouse,mouse
(sufu),(sufu)
tg,tgn
egfr,errp
testing,testing
ras/mapk,ras/mapk
12,12
17%,17%
n-myc,mycnot
v12ras,v12ras
2-4,2-4
mri,c7orf49
300,300
(rtks),(rtks)
egfrviii,egfrviii
rcas-akt,rcas-akt
rb1,rb1
ras,ras
(rb),(rb)
(pten),(pten)
xbd,xbd
(pi3k),(pi3k)
cox-2,ptghs
dn,dn
mek1/2,mek1/2
no,no
2),2)
(nag-1,(nag-1
ma),ma)
25,25
mrna,mrna
1),1)
il),il)
(fbs),(fbs)
erk1/2,erk1/2
d1,lmod1
(tbs-t),(tbs-t)
(50,(50
dim,dim
2008,2008
3a,3a
(cdki),(cdki)
(plab),(plab)
ga,ga
(p38mapk,(p38mapk
sds),sds)
72,72
bca,blnk-s
392,392
naf,zap128
1a,mrx48
pmsf,pmsf
(tbb,(tbb
adc,zap128
uv,uv
ser-15,ser-15
ht-29,ht-29
hct-116,hct-116
18,18
me),me)
ecl,ecl
1x,1x
atm,agtr1b
22,22
p21waf1,p21waf1
jnk,mapk8
2d,2d
cdki,cdki
anova,anova
hplc,hplc
crc,crc
ca,ca
2a,2a
mapk/erk,mapk/erk
a),a)
mdm2,hdm2
va),va)
74150,74150
-20,-20
4a),4a)
g2/m,g2/m
trizol,trizol
1000,1000
14,14
cho,cho
v,v
apcmin+,apcmin+
dmso,dmso
96,96
ph,pku1
v-fitc,v-fitc
cox,cox8
ca),ca)
80%,80%
3d,3d
vt),vt)
jak-2,jak-2
(ha),(ha)
rt-pcr,rt-pcr
erk,haha1
pdf,mic-1
nag-1,mic-1
elisa,elisa
ckii,csnk2a2
(acf),(acf)
acf,a1cf
wi),wi)
2x105,2x105
aom,stl1
1200,1200
rpmi1640,rpmi1640
pcr,pcr
fbs,fbx8
(ckii),(ckii)
(ahpn),(ahpn)
(dad),(dad)
lncap,lncap
r,r
g2,c11orf41
(1,(1
29,29
2%,2%
2b,2b
usa),usa)
sp600125,sp600125
5%,5%
(crc),(crc)
p21,tceal1
(cox-2),(cox-2)
f,f
apc,gpr44
4a,4a
dads,dads
(dads),(dads)
ck,ek
gapdh,gapdh
1%,1%
(jnk,(jnk
hct,hct
b1,lmod1
xl,xl
55,55
ii,pacap-r2
tbs-t,tbs-t
min,min
tbs,hsal1
c18,lmod1
12000,12000
3c,3c
atf3,atf3
(ptgfb),(ptgfb)
pkc,dyt10
(atm),(atm)
(dn),(dn)
116,116
(nag-1),(nag-1)
94,94
igg,igg
p38mapk,p38mapk
mn),mn)
co2,mtco2
mp,hel-s-80p
5a,5a
(pdf),(pdf)
se),se)
17,17
(pbs),(pbs)
4c,4c
nsaids,nsaids
x-100,x-100
(bd,(bd
ppargamma,glm1
tbb,tbb
1c),1c)
expo32,expo32
f-12,f-12
egcg,egcg
2d),2d)
ag490,ag490
ripa,ripa
mcf-7,mcf-7
n=11,n=11
3g),3g)
(alcam-alcam),(alcam-alcam)
s2c,s2c
dapi,dapi
tu,tu
(sb),(sb)
5),5)
epha3,ek4
1500,1500
alcam-cd6),alcam-cd6)
36,36
mos,msv
alcama,alcama
a2,dag2
n=14,n=14
(ngcam,(ngcam
fgf3,int2
(wt),(wt)
s4d),s4d)
grasp-ngcam,grasp-ngcam
7b),7b)
(ish),(ish)
sb,sb
mo),mo)
11,11
y-idp,y-idp
mg-132,mg-132
l,l
nc,nercc1
s4f),s4f)
zirc,zirc
kpni,kpni
mo,mo
l1,bm-009
3b),3b)
3de),3de)
4b,4b
6f,6f
555,555
(ng-cam,(ng-cam
(sb,(sb
300%,300%
dm-grasp,dm-grasp
4b),4b)
e2,u106
memd,memd
(alcam-ngcam,(alcam-ngcam
mg-132-,mg-132-
(dmso),(dmso)
edn1,et1
s2a),s2a)
mg132,mg132
tb,tb
1-4,1-4
(m-o),(m-o)
6a,6a
ish,cmg-2
a1,rfc2
s4b),s4b)
1a),1a)
(tb),(tb)
dcaps,dcaps
93,93
topo,topo
7c,7c
143,143
5',5'
g),g)
wt,wt
t3,t3
s2e,s2e
2c,2c
s2b),s2b)
68,68
48,48
at,frts
fv1000,fv1000
2ac),2ac)
alcam,memd
cd6,tp120
(nc),(nc)
(tb,(tb
ta,ta
j,j
7a),7a)
30%,30%
ig,ig
pbk-cmv,pbk-cmv
dv,dv
s6a-c),s6a-c)
44,44
26,26
ng-cam,ng-cam
cd6-cd166,cd6-cd166
285,285
(a-p),(a-p)
map,rutbc3
fanc,fanc
adam,adam
chd1,chd-1
mlh1/msh2,mlh1/msh2
p15,mrp-l28
pdacs,pdacs
panin-3,panin-3
panin-1a,panin-1a
p16,p16
mmr,mmr
mapk,mapk
smad4,madh4
38,38
spink1,pctt
apc2,mgc2615
(mapk),(mapk)
(map2k),(map2k)
(jnk),(jnk)
-1b,-1b
cmyc,cmyc
traf2,higm1
icl,icl
bmp,bmp
fancg,fancg
wnt,wnt
17p,17p
fda,fda
smad2/3,smad2/3
2009,2009
(erk),(erk)
3-10,3-10
rer+,rer+
pms2,hnpcc4
mcl-1,thph12
g1/s,g1/s
smad2,jv18
65%,65%
wnt2b,xwnt2
cdh1,fzr2
(ink4a),(ink4a)
p38),p38)
(pkc,(pkc
ago,fbxw6
fancg),fancg)
mekk1,srxy6
ecm,gpia*
brca1/2,brca1/2
(mmp7),(mmp7)
map3k,map3k
fancc,facc
d/cdk4,d/cdk4
(map3k),(map3k)
panin-1b,panin-1b
cdkn2a/p16,cdkn2a/p16
(il1),(il1)
(adam),(adam)
c-iap2,hp95
>100,>100
1997,1997
map2ks,map2ks
panc-1,panc-1
rb/p16,rb/p16
wnt5a,wnt5a
bcl2,bcl-2
mekk-1,mekk-1
gli2/3,gli2/3
(fancc,(fancc
(pdac),(pdac)
(mcn),(mcn)
palb2,flj21816
mlh1,hnpcc2
(msi),(msi)
sel10),sel10)
(calgb,(calgb
mmp7,mpsl1
mek,mapkk7
traf1,mgc:10353
(cdc4,(cdc4
(9p21),(9p21)
msi,msi
p53,lfs1
mcn,mcn
36800,36800
c-iap1,c-iap1
tp53/smad4,tp53/smad4
fanc/brca,fanc/brca
foxo,foxo
braf,b-raf
32,32
55%,55%
(atl),(atl)
pdac,pdac
hh,hfe
g1-s,g1-s
(mtap),(mtap)
prss1/spink1,prss1/spink1
2004,2004
30-60%,30-60%
21000,21000
nicd,nicd
panins,panins
cflip,casper
p38,hld17
(fammm),(fammm)
82,82
eortc,eortc
iii,iii
adams,adams
smad3,hst17436
kras2,ki-ras
(psti),(psti)
mkk7,mapkk7
(gemoxcet),(gemoxcet)
msh6,hnpcc5
ipmn,ipmn
panin,panin
panin-1,panin-1
70%,70%
fammm,hist1h4d
stk11/lkb1,stk11/lkb1
(iaps),(iaps)
usa,usa
lkb1,hlkb1
akt/pi3k,akt/pi3k
msh2,hnpcc2
dpc4,madh4
95%,95%
map2k4/mkk4,map2k4/mkk4
(ecm),(ecm)
(icl),(icl)
19,19
(nicd),(nicd)
smad,smad
adam9,mcmpmltna
map2k,map2k
prss1,htrp-1
panin-2,panin-2
63,63
mkk4,serk1
smad7,madh9
fbw7,fbxw6
(chasm),(chasm)
fbxw7,fbxw6
pi3k/akt,pi3k/akt
2010,2010
(ipmn),(ipmn)
il1,il-1a
akt2,pkb-beta
10-20%,10-20%
(mmr),(mmr)
(rer+),(rer+)
n34s,n34s
mlk,lzk
mtap,tmem4
(mts1),(mts1)
map3ks,map3ks
gtp-ase,gtp-ase
bcl-2,bcl-2
brca,brca
facsaria,facsaria
b)/a,b)/a
rt,lgmd2k
mif,sap14a
il-17,il17
3b-d,3b-d
2e,2e
in),in)
bmp-2,bmp-2
tta,tta
105,105
(p38i,(p38i
th1,hspc130
cd25+,cd25+
agc,agc
t(h)17,t(h)17
eae,eae
pd98059,pd98059
2b),2b)
il-2,il2
1640,1640
smad2-,smad2-
5c),5c)
5'-ccc,5'-ccc
ctt,ctt
cfse,cfse
gac,ga
acc,acc1
(625,(625
6d,6d
hepes,hepes
bmp-4,bmp-4
rii,rii
cd8,sf2ap32
lsrii,lsrii
(5,(5
cd4+cd25-,cd4+cd25-
cd103,itgae
gfp,gfp
cd25,slc39a3
aim-v,aim-v
(ipex),(ipex)
non-smad,non-smad
5b,5b
mlk-7,mlk-7
(2,(2
cca,eomd
p-smad3,p-smad3
(alk5,(alk5
il-6,dcua
cd4+cd44hi,cd4+cd44hi
cd4,okt4d
ctt-3',ctt-3'
facs,facs
apcs,xlpd1
il-17+,il-17+
nfat,nfat
h37ra,h37ra
3c),3c)
atc,agtr1b
gct,gct
th17,th17
th-17,th-17
cd8+,cd8+
smads,smads
cd62l+,cd62l+
sis3),sis3)
tfbetarii,tfbetarii
alk5),alk5)
cac,cact
tbetarii,tbetarii
(hprt),(hprt)
foxp3,foxp3
cd62l,tq1
mapks,mapks
aaa,cdn
cd4+cd25,cd4+cd25
cd4+,cd4+
(ko),(ko)
95,95
r&d,r&d
hcd2-cre,hcd2-cre
5'-ttc,5'-ttc
1c,1c
aag,apng
cko,cko
il-21,il-22
cd62l),cd62l)
rpmi,rpmi
gta,gp3a
6e),6e)
6e,6e
ut),ut)
caa,ny-co-33
cd11b,cr3a
>20%,>20%
act1,c6orf2
tca,tca
alk5,lds1a
(20,(20
1d),1d)
p-38,p-38
5b),5b)
m,m
(gfp+),(gfp+)
1e,1e
th2,th2
ttg-3',ttg-3'
il-10,tgif1
atra,atra
smad4/dpc4,smad4/dpc4
pma,pma
macs,marcks
3d),3d)
tgf,tgf
tbetari,tbetari
gca,gmcl1l
cd25),cd25)
1f),1f)
stat3,hies
2a),2a)
3b,3b
tsa,pmx2
5'-tga,5'-tga
mek/erk,mek/erk
agg,agg
(150,(150
mop,kiaa1226
nc),nc)
smad2-smad4,smad2-smad4
hprt,hprt1
sybr,sybr
(cko),(cko)
+-sem,+-sem
anti-cd62l,anti-cd62l
(alk5),(alk5)
6a),6a)
ggc,ggc
14),14)
7b,7b
c-3',c-3'
(p38,(p38
pe-,pe-
(mel-14),(mel-14)
aac,aac
erk1-/-,erk1-/-
fitc-,fitc-
il-23,il1l1
ifn,ifn-alphad
b220,cacd1
(eae,(eae
jnki,jnki
agt,agt-1
cd4+cd25+,cd4+cd25+
smad3-smad4,smad3-smad4
nupage,nupage
c57bl/6,c57bl/6
tn),tn)
erki,erki
il-6r,il6rq
(smad3,(smad3
md),md)
(erk,(erk
aga,ga
(cd4med,(cd4med
cd25(+),cd25(+)
5'-agc,5'-agc
(cd25),(cd25)
ag,ag
sis3,sis3
la,la
jnk2,jnk2alpha
act,fhl-5
tcr,bv05s1j2.2
(100,(100
atg,atg
erk1,hs44kdap
cd4med,cd4med
rox,hsno66
u0126,u0126
mns,fln2
inference,inference
n01,n01
600,600
so,so
hm,hm
signaling,signaling
6),6)
7),7)
1~3,1~3
k,k
ly,ly
modeling,modeling
nih,nih
p30,prr6
single,single
rhm,rhm
ig(2,ig(2
p},p}
g0076,g0076
10),10)
9),9)
cpu,tafi
u3,rnu3p2
rhms,rhms
16,16
cd28,tp44
11),11)
27,27
mcmc,mcmc
icam2,icam2
16g,16g
u2,u2
nhm,nhm
bn,grp/ucma
pip3,pip3
nk,nk
xi,xi
r01,r01
hierarchical,hierarchical
cd3,cd3
mhm,mhm
ggm,ggm
bayesian,bayesian
dns,hist1h4d
21,21
xj,xj
if,ifmh
from,from
bns,bns
u1,rnu1g1
pathway,pathway
011,011
data1,data1
ggms,ggms
p,dyt9
(rhm),(rhm)
cell,fatp5
ghz,ghz
(nhm),(nhm)
(hm),(hm)
(lps),(lps)
7a,7a
qol,qol
emd,lemd5
sds,bvvls2
kcl,kcl
ppar,nr1c1
pbs+,pbs+
21%,21%
aggtca,aggtca
(rlu),(rlu)
150,150
p300,kat3b
ltp,ltp
45,45
sfig,sfig
me2so4,me2so4
dmem,dmem
qrt-pcr,qrt-pcr
rnai,rnai
tpa,plat
356,356
ap-1,slc39a3
dtt,dtt
204,204
sirt1,sir2alpha
sas,nans
dcf,dcf
shrna,shrna
a-c,a-c
or),or)
iia,iia
m-per,m-per
(emsa),(emsa)
mgcl210,mgcl210
ppre-acox,ppre-acox
ct,kc
nj),nj)
bsa,bsa
(ppre,(ppre
a-d,a-d
h9c2,h9c2
0015,0015
36b10,36b10
p32,sf2ap32
(nr1c2),(nr1c2)
p65,p65
dtt),dtt)
ppars,ppars
400,400
emsa,emsa
pgl3,sdhc
us,us
595,595
hacat,hacat
plus,plus
12500,12500
mcp-1,gdcf-2
mgcl2,mgcl2
wbi,wbi
ppres,ppres
abi,abi
(shrna),(shrna)
2000,2000
7%,7%
syber,syber
(ros),(ros)
125,125
dcfh-da,dcfh-da
(sas,(sas
202,202
1/2,1/2
a/g,a/g
(ltp),(ltp)
cacl2,cacl2
raf-1,ecp
4d,4d
np-40,np-40
icam-1,icam-1
(anova),(anova)
1b,1b
t4,t4
bd,bd
tx),tx)
pparalpha,nr1c1
-80,-80
5c,5c
bv-2,bv-2
nac,jrrp
(ge,(ge
014,014
gy,gy
80,80
ser63,ser63
137cs,137cs
tbst,tbst
4x,4x
ampk,prkaa
fwbi,fwbi
(pvdf),(pvdf)
ppardelta,ppardelta
(pmsf),(pmsf)
c369,c369
(rxr),(rxr)
(vegf),(vegf)
rnas,rnas
notch,notch
(dll-1,(dll-1
(t-all),(t-all)
egf,egf
and,and
tan-1,tan-1
cbf1,rbp-j kappa
ram,dxs1283e
current,current
(dll4),(dll4)
approaches,approaches
dll4,delta4
(app),(app)
future,future
cd133+,cd133+
notch1,hn1
gsis,gsis
cd44,in
agents,agents
app,cdn
inhibiting,inhibiting
strategies,strategies
(jag-1,(jag-1
nov,ccdc34
summary,summary
bfgf,bfgf
apoe,apo-e
escc,escc
42,42
(dcc),(dcc)
pest,pest
dll1,delta1
20th,20th
nsaid,nsaid
inhibition,inhibition
tsc,tsc4
dbz,dbz
cml,bcr
fc,fc
ntr,ntsr1
jagged1,jagged1
tscs,tscs
maml,maml
adam-17),adam-17)
(tscs),(tscs)
a50%,a50%
er2,er2
some,some
(gsis),(gsis)
met,auts9
2007,2007
gata-2,gata-2
dcc,ntn1r1
hcdc4b,hcdc4b
csl,dfn6
s,carma2
abc,idd
gsi,gsi
dapt,dapt
adam-10,adam-10
hey1,herp2
tace,adam17
akt/mtor,akt/mtor
lrp,lrp
(escc),(escc)
her,her
viii,cox8
grb2/7,grb2/7
her2,sial1
nih3t3,nih3t3
met),met)
her1/2/3,her1/2/3
mm-111,mm-111
13,13
(egfr,(egfr
egfr/her2,egfr/her2
nrg1,hgl
errb3,errb3
pten-null,pten-null
ptb,nptb
shc/her3,shc/her3
her3-pi3,her3-pi3
extreme,extreme
scchn,scchn
pi3,elafin
mehd7945a,mehd7945a
(toga),(toga)
u3-1287,u3-1287
egfr-tki,egfr-tki
(i,(i
(egfrviii),(egfrviii)
egfr-tkis,egfr-tkis
shc,shc
t790,t790
ib/ii,ib/ii
is,is
(asco),(asco)
src,thc6
atp,atpib
12q13,12q13
grb2,grb3-3
40-50%,40-50%
(ptb),(ptb)
egfr-,egfr-
(hers),(hers)
tkis,tkis
(hgf),(hgf)
(her3),(her3)
azd8931,azd8931
her2-,her2-
~1000,~1000
(nrg-1),(nrg-1)
nsclc,nsclc
her2-her3,her2-her3
i-ii,i-ii
her4,hnrpa1
her1,errp
gmbh,gmbh
anti-egfr,anti-egfr
(tki),(tki)
erbb4,hnrpa1
a549,a549
ibc's,ibc's
mp-470,mp-470
(nsclc),(nsclc)
(egf),(egf)
her3,ferlk
nrg-1,nrg-1
iv),iv)
rtk(id),rtk(id)
iii),iii)
erbb3,ferlk
her-3,her-3
ag-825,ag-825
101,101
erbb2,sial1
(amg,(amg
i/ii,i/ii
kras/braf,kras/braf
viii),viii)
alk,cd246
her3/pi3,her3/pi3
(grb7),(grb7)
grb7,grb7
a431,a431
mm-121,mm-121
1989,1989
(ii,(ii
(hgfr,(hgfr
103,103
gex-3,gex-3
sacii,sacii
dtc,dtc
wu,wu
dsrna,dsrna
ef,ef
145,145
wave,aoa2
an11,an11
dock180,ced5
rac-gef,rac-gef
1222,1222
ina-1,ina-1
wd,cd233
src42,src42
n2,n2
35,35
237,237
447,447
ced-1,ced-1
ced-8,ced-8
m9,mstp001
134,134
srgp-1,srgp-1
11/2,11/2
gtpases,gtpases
350,350
33,33
ring,ring
pat-3,pat-3
200,200
n3538,n3538
5000,5000
dic,slc25a10
667,667
lgx,lgx
rock,rock
op50,op50
92,92
ced-7,ced-7
lgiii,lgiii
dp,dspp
60-80,60-80
hrm,hrm
pgrn-1,pgrn-1
abl-1),abl-1)
ced-5,ced-5
dl,edaradd
432,432
zap-70,p70-beta-1
gtpase,gtpase
64,64
slap,slap
racgap,racgap
w,w
138,138
lgv,lgv
mig-2,mgc10966
(wrc),(wrc)
psti,pctt
dtcs,dtcs
swan-1,an11
31,31
sli-1,sli-1
dyn-1,dyn-1
jr,jr
let-23,let-23
gex-2,gex-2
aps,klk3
ced-10,ced-10
abl-1,abl-1
164,164
wave/scar,wave/scar
393,393
gln152,gln152
(dtcs),(dtcs)
301,301
lgiv,lgiv
rhogap,arhgap1
ems,ems
154),154)
34,34
mtm-1,mtm-1
sali,sali
tkb,tkb
242,242
l3,igkv214
637,637
6b),6b)
(tkb),(tkb)
al,al
kb,kb
tula,clip4
ngm,ngm
sh3-,sh3-
msci,msci
ced-2,ced-2
ced-6,gulp1
uv-tmp,uv-tmp
nuo-3,nuo-3
ced-12,ced-12a
lgi,lgi
e2f,e2f
(144,(144
nis106,nis106
l4,fam60a
ny,ny
4h,4h
lgii,lgii
(iptg),(iptg)
psr-1,psr-1
let-60,let-60
abi-1,abi-1
n2095,n2095
(439,(439
141,141
159,159
102,102
wrc,wrc
l4440,l4440
wve-1,wve-1
rnai),rnai)
nk-1r,nk-1r
d25),d25)
mi),mi)
190,190
icr,gs104
iu,iu
d10,d10
mekk1/jnk,mekk1/jnk
pbst,pbst
3000xg,3000xg
sd,rangap
u3000,u3000
(bbb),(bbb)
balb/c,balb/c
pa,blos6
-2,-2
csf,kalinin-105kda
d15,d15
120,120
(bsa),(bsa)
(mmp)-9,(mmp)-9
d25,d25
-5,-5
sp,sml1
mmp-2,mmp2
90,90
(pbst),(pbst)
pi,gstp1
hiv-1,hiv-1
mmps,mmps
r-250,r-250
(ca,(ca
mmp-9,gelb
500,500
620,620
(csf),(csf)
nan3),nan3)
uk),uk)
d20,d20
135,135
ma,mgau
d5,d5
(125,(125
gp120,ihrp
bbb,bbb
mmp,mmp
gm6001,gm6001
1087),1087)
mmp-12,mcph24
(ire1),(ire1)
38+-8,38+-8
p70s6k,p70s6k
bax,bcl2l4
4e),4e)
tsc2,tsc4
(p70s6k),(p70s6k)
tunel,tunel
mrnas,mrnas
78+-21,78+-21
bhd,mgc23445
upr,upr
1f,1f
(mtorc1),(mtorc1)
grp78,hel-s-89n
grp94,flj38686
map4k3,map4k3
mlst8,lst8
ire1-xbp1,ire1-xbp1
cd,gse
jnk-dn,jnk-dn
atf6,atf6a
i),i)
dmnq,dmnq
(atf6),(atf6)
2h),2h)
takara,takara
(dmnq),(dmnq)
4f,4f
s2p,caon
(tsc2),(tsc2)
(erad),(erad)
s1p,pcsk8
(perk),(perk)
2f,2f
tor,rorc
perk,sqt2
xbp1,xbp1p1
ask1,ask1
p70s6,p70s6
4g,4g
jnk1,mapk8
(upr),(upr)
ny),ny)
sitsc2,sitsc2
2g,2g
3),3)
mtorc1,mtorc1
(er),(er)
(imgenex,(imgenex
erad,erad
(15,(15
u,u
5e,5e
78,78
(tunel),(tunel)
j),j)
se,fut2
hek293,hek293
(traf2),(traf2)
5f,5f
hepg2,hepg2
5d,5d
(nac),(nac)
mapk),mapk)
bad,bbc2
atf4,treb7
er,estrr
cd/ros,cd/ros
(he,(he
(creb-2),(creb-2)
nrk-52e,nrk-52e
bak,bak-like
xbp1(s),xbp1(s)
vectashield,vectashield
ire1-jnk,ire1-jnk
(grp78),(grp78)
(chop),(chop)
5h,5h
3e,3e
ns,ki-ras
(ask1),(ask1)
ire1,ire1a
(xbp1),(xbp1)
cdk2,hist1h4d
f2s,f2s
mx3000p,mx3000p
md,md
nl3511,nl3511
mut-7,loc54932
vwr),vwr)
md701,md701
ced-3,ced-3
qpcr,qpcr
dynll1,dncl1
lc8/dynll,lc8/dynll
(elmo),(elmo)
ols400,ols400
ols401,ols401
pgh8,pgh8
(dna,(dna
cf2052,cf2052
dp72,dp72
mt4770,mt4770
egl-1/ced-13,egl-1/ced-13
biml,smc3l1
ca388,ca388
betanac,betanac
(hu),(hu)
71,71
(dock180),(dock180)
mt8735,mt8735
fpht,fpht
paz/piwi,paz/piwi
tj1,tj1
kri-1,kri-1
lps,camk1g
mt1522,mt1522
pch2,pch2
(qrt-pcr),(qrt-pcr)
(lrp),(lrp)
sir-21,sir-21
dlc-1gfp,dlc-1gfp
h2po4,h2po4
pma122,pma122
lc8,dncl1
lin-35,lin-35
(orf),(orf)
hek293t,hek293t
dlc-1,dncl1
(gulp),(gulp)
2300,2300
(abc1),(abc1)
(rnai),(rnai)
rde-2,rde-2
dynll1-biml,dynll1-biml
cep-1,cep-1
pcfj601,pcfj601
(bnac),(bnac)
pch-2,pch-2
ht115,ht115
egl-1,egl-1
(dlc-1),(dlc-1)
s10),s10)
mossci,mossci
ced-4,flash
daf-16,daf-16
gla-3,gla-3
dlc-1-dlc-1,dlc-1-dlc-1
tx,casp4
orf,rnf54
wi,dfnb31
(dtt),(dtt)
000,000
pl4440,pl4440
ced-9,ced-9
hrp,hrp
nl2550,nl2550
pbind,pbind
nl2098,nl2098
mpk-1,mpk-1
pcfj104,pcfj104
(cdna),(cdna)
ir,ir
rb798,rb798
dni300b,dni300b
131,131
(rac1),(rac1)
fx536,fx536
mt10430,mt10430
rb2026,rb2026
dyneins,dyneins
pja256,pja256
pact,pact
ced-13,ced-13
ced-1gfp,ced-1gfp
ppw-1,ppw-1
pcfj150,pcfj150
pentry,pentry
rtv,rtv
,
h9n2,h9n2
(hnrnp,(hnrnp
als,sod
r1-6,r1-6
(lrp1),(lrp1)
vsmc,vsmc
hre,hre
(klf2),(klf2)
hnrnp,cfab
cyp,ppig
(emmprin),(emmprin)
(mmp-2),(mmp-2)
(shbs),(shbs)
vsmc-tg,vsmc-tg
shbs,shbs
ii),ii)
a7,igkv2d-24
bm,bm
c6,xapc7
(cypa),(cypa)
(vsv),(vsv)
alta-,alta-
csa,mthsp75
025,025
klf2,lklf
(bm),(bm)
gstz1,mai
(hcmv),(hcmv)
ags,crv
a2),a2)
sars,nedmas
irf3,iiae7
hiv,hiv
tgcyp18),tgcyp18)
psuper-cypa,psuper-cypa
(als),(als)
cyp),cyp)
maldi-tof,maldi-tof
(ppia),(ppia)
(vcam-1),(vcam-1)
mt1-mmp,wnchrs
ldl,ldl
u2os,u2os
ppia,cyph
apoe2,apoe2
nim811,nim811
(nachr),(nachr)
ikb,ikb
aif,airs
cd147,emmprin
(mgst1),(mgst1)
cypa,cyph
fbpase,fbpase
plta,plta
cypa-cd147,cypa-cd147
il,il
enos,enos
ra,ra
(enos),(enos)
(ec),(ec)
peg,peg
aids,aids
scid,scid
vsmc-tg),vsmc-tg)
cyps,cyps
ifn-i,ifn-i
(lta),(lta)
(gstz1),(gstz1)
dac,aadac
(vsmc),(vsmc)
(aif),(aif)
(asgpr),(asgpr)
mgst1,mgst1
ns5a,ns5a
ma104,ma104
mm218,mm218
(aaa),(aaa)
nf-at,nf-at
(scid),(scid)
(nf-at),(nf-at)
thp-1,thp-1
ppiase,ppiase
lta,tnfb
v3,v3
apoe3,apoe3
ns5b,ns5b
(alta),(alta)
hbv,hbv
asgpr,asgpr1
m1,linc00948
mmp-1,mmp-1
nf-kb,nfkb-p105
(ldl),(ldl)
(g93a),(g93a)
(hre),(hre)
mrp,muc2
sod1,sod
5m2,5m2
s1lek3,s1lek3
sod,sod
cypa-/-,cypa-/-
(vv),(vv)
lc-103h,lc-103h
(abc),(abc)
zpr1,znf259
gstz1d,gstz1d
(mrp2),(mrp2)
(hbv),(hbv)
(ifn-i),(ifn-i)
(ns5a),(ns5a)
vcam-1,vcam-1
(hcv),(hcv)
m-csf,csf-1
hbsag,hbsag
emmprin,emmprin
hcv,hcv
gn11,gn11
yu,yu
mrp3,abc31
(5ht3r),(5ht3r)
g93a,g93a
(sod1),(sod1)
10-30,10-30
(en2),(en2)
rwjms,rwjms
bmp2,alk-6
pcl,lmphm1
dab,dab
(b-d,(b-d
p-s6k,p-s6k
6-11,6-11
(30,(30
1-100,1-100
(egl),(egl)
350-550,350-550
igf-2,igf-2
rp58/znf238,rp58/znf238
en2,en2
12-,12-
ltx,ltx
en2-gfp,en2-gfp
002657,002657
(dapi,(dapi
en-2,en-2
pi3k-akt,pi3k-akt
atf5,atf5
gnps,gnps
~30,~30
asd,arsd
x,lmpx
e-h,e-h
pi3k-mtor,pi3k-mtor
(igf-i),(igf-i)
irs-1,irs-1
dmem),dmem)
anti-pcna,anti-pcna
4-5,4-5
b-c,b-c
znf238,mrd22
3-6,3-6
(500,(500
fgf2,bfgf
dm,dm
shank3,prosap2
pacap,mzb1
km,km
(asd),(asd)
mecp2,brx1
tuj1,tuj1
b27,rap
pdk1,pdk1
ml,ml
~104-5,~104-5
sg,sg
100-300,100-300
(irs1),(irs1)
100%],100%]
igf1,igf1a
igfi,igf1a
(dm),(dm)
(s6k),(s6k)
camp/pka,camp/pka
(p-erk),(p-erk)
engrailed,engrailed
mris,mris
4e,4e
edb,vamp8
igf1),igf1)
eif4,eif4
10-30%,10-30%
8-14,8-14
167,167
>2,>2
znf238/rp58,znf238/rp58
(gnps),(gnps)
s-,s-
pacap1-38,pacap1-38
s6k1,ps6k
b/akt,b/akt
dnase,dnase
s6k,ps6k
66%,66%
(rt),(rt)
(eif4b),(eif4b)
(3,(3
egl,egl
snp,snp
ht,ht
(fgf2),(fgf2)
4b/e,4b/e
fmri,fmri
(bfgf),(bfgf)
fgf,fgf
p7,dkfzp779o2438
map1b,futsch
594,594
iacuc,iacuc
(gnp),(gnp)
akt-mtor,akt-mtor
(pcna),(pcna)
6-14,6-14
cyfip2,dee65
p27,p24g3
gnp,gnp
f-h),f-h)
(eif4e),(eif4e)
pa),pa)
s6,psmc4
ecori,ecori
r82939101,r82939101
2a-b,2a-b
en-1,en-1
dh2o,dh2o
(pcna,(pcna
igf,igf1a
trkb,trk-b
p-akt,p-akt
igf-i,igf1a
nan3,nan3
(pacap),(pacap)
emx2,emx2
(wt,(wt
(a-c,(a-c
(ht),(ht)
27%,27%
mdg,apng
pcna,atld2
pcms-egfp,pcms-egfp
(igf1),(igf1)
400x,400x
(vwr,(vwr
f12,sart1259
dnasei,dnasei
(bdnf),(bdnf)
evb,evb
3200,3200
snps,snps
jm,jm
sk,dkk-1
irs1,irs1
k),k)
hcl,hcl
(igf1r),(igf1r)
igf1r,jtk13
bdnf,bdnf-as
um,um
(dab),(dab)
p-erk,p-erk
ninds,ninds
en2-igf1,en2-igf1
(ems,(ems
cpea,cpea
igl,igl
eif4e,eif-4e
eif4b,eif4b
(gfp),(gfp)
(pl,(pl
ll,ll
igf-1,igf-1
mtor/pi3k,mtor/pi3k
pas,pas
5i,5i
engrailed2,engrailed2
igf1's,igf1's
(pdk1),(pdk1)
c57bl6,c57bl6
xu,xu
pvdf,pvdf
ib,atpib
tress,tress
(qpcr),(qpcr)
(irb),(irb)
(hc=24),(hc=24)
(muc4,(muc4
pc,nec 2
panin1-iii,panin1-iii
muc4/her2,muc4/her2
muc4-,muc4-
[dapi],[dapi]
ihc,ihc
071,071
450,450
900,900
de,de
(pc),(pc)
her2/akt,her2/akt
muc3,muc17
3f,3f
ik-b,ik-b
7500,7500
(irb,(irb
pbs-t,pbs-t
tma,tma
(page,(page
fro,fro
lsm,lsm
nrl/ngal,nrl/ngal
(ngal),(ngal)
ia,ia
(panin,(panin
11000,11000
muc1,hmcd
bay-117082,bay-117082
pher2,pher2
8g7,8g7
(unmc),(unmc)
ci,mimis
3d&e),3d&e)
(95,(95
krasg12d,krasg12d
568,568
caco-2,caco-2
her2/pi3k/akt,her2/pi3k/akt
cd18/hpaf,cd18/hpaf
pbs),pbs)
bay11-7082,bay11-7082
irb,irb
(r&d,(r&d
45220,45220
tlrs),tlrs)
lcn,lcn
pakt,pakt
(nrl),(nrl)
cd18/haf,cd18/haf
ffpe,ffpe
ngal,lcn2
mmp-7,mpsl1
capan1,capan1
(100%),(100%)
muc4,muc4
d/c,d/c
hus1,hus1
3',3'
dna2,kiaa0083
dpb11,topbp1
mcm4,cdc21
topobp1,topobp1
387),387)
ddk,ddk
mcm8-mcm9,mcm8-mcm9
pikk,pikk
cut5,cut5
uv-b,uv-b
topbp1,topbp1
(apc/c),(apc/c)
cdk,cdk
(ddr),(ddr)
mcm2-7,mcm2-7
pre-ic,pre-ic
uv-a,uv-a
bach1/fancj,bach1/fancj
rf-c,rf-c
rad9,rad9a
(cki),(cki)
cdc25a,cdc25a
mcm2-8,mcm2-8
76,76
mcm-bp,flj13081
ape2,xth2
atr-,atr-
(uv),(uv)
ddc2/atrip,ddc2/atrip
mcm8-,mcm8-
tim,tim-1
(rfc1),(rfc1)
tipin,flj20516
aaf,aaf
brct,brct
s317,s317
atrip,mgc21482
41,41
(cdk),(cdk)
cdks,cdks
rpa32,rpa135
(mrn),(mrn)
pre-rc,pre-rc
(ape2),(ape2)
3000,3000
(fpc,(fpc
304,304
orc1,orc1l
ddks,ddks
(lf),(lf)
mcm10,cna43
orc,orc
sld7,sld7
chk1,chk1
uv-c,uv-c
mcm9,dj329l24.3
atr-atrip,atr-atrip
cdc45,porc-pi-1
h2ax,h2a/x
mdc1,kiaa0170
rpa2,rpa135
s345,s345
dbf4,ask
xcdt1,xcdt1
cdc6,cdc18l
ctip,mrx87
(pi3k,(pi3k
mrn,mrn
gmc,gmc
parp-1,parp7
atr,sckl
cdk1,pold
cip/kip,cip/kip
pikk),pikk)
(orc),(orc)
orc-cdc6,orc-cdc6
lf,hel110
rpa,rpa
mcm,cst-1
(atr),(atr)
escs,nr2e3
mre11,hmre11b
hu,hu
dsb,dsb
dna-pk,dna-pk
sld3,flj41618
sld2,sld2
cdt1,hdm2
ddr,mcph24
(ocm,(ocm
s/tq,s/tq
cki,ek
atr/mec1,atr/mec1
cdc7,hucdc7
exo1,hex1
rpa-ssdna,rpa-ssdna
ssdna,ssdna
(parp-1),(parp-1)
rpa1,repa1
fpc,nec 2
(fpc),(fpc)
cdc7/dbf4,cdc7/dbf4
aad,aad
cmg,lin2
5'-dna,5'-dna
mcm8,mcm8
atr-chk1,atr-chk1
cdc-25,cdc-25
tls,pomp75
rad17,rad24
brca1,brcc1
gins,gins
cdc25,h-grf55
s-cdk,s-cdk
due-b,ba379j5.3
rpadna-pk,rpadna-pk
rad51,hrad51
gemc1,gmnc
(card),(card)
nlr,nlr
(nlr),(nlr)
ld50,ld50
(il-18,(il-18
il-18,il-1g
card,card
tat,c6orf134
(aim2),(aim2)
(il),(il)
aim2,aim2
il-1b,il1-beta
sn,cd169
tir,tir
apap,apap
wt),wt)
(pai-1),(pai-1)
e1,aatf
(ld50),(ld50)
tlr,tlr
tf-/-tf,tf-/-tf
nalps,nalps
(hscs),(hscs)
pai1,planh1
tlr3,cd283
tlrs,tlrs
pai-1,planh1
(bp),(bp)
th,gch
asc,cav1.2
stat1,candf7
nk11+,nk11+
(tlr),(tlr)
(myd88),(myd88)
(cd95),(cd95)
bp,bp
(tcr),(tcr)
tlr9-myd88,tlr9-myd88
myd88,myd88
(nkt),(nkt)
tlr9,tlr9
tf,mypcn
lrr,lrr
hscs,hscs
<50,<50
vii,vii
rtnf,rtnf
fasl,apt1lg1
il-13,mgc116789
(fdp),(fdp)
nacht,nacht
(lrr),(lrr)
bp),bp)
(trif),(trif)
(apap),(apap)
il-4,mgc79402
cl2,kiaa0786
(edta),(edta)
(nlrc)-4,(nlrc)-4
adams13,adams13
tlr4/trif,tlr4/trif
ril-18,ril-18
tlr4,armd10
(tat),(tat)
(il-18r),(il-18r)
(asc),(asc)
(tnf),(tnf)
il-12,il-12
il-1,il1-beta
(stat)-1,(stat)-1
(nlrp)-1,(nlrp)-1
nlrp1,jrrp
nlrp3,ifrc
tnf,dif
(tf),(tf)
nlrc4,ipaf
nkt,nkt
(nk),(nk)
~20%,~20%
(ut,(ut
1xpbs),1xpbs)
shclu,shclu
(p18,(p18
4280,4280
sips,sips
(ls),(ls)
hclu,hclu
ag1024),ag1024)
(sips),(sips)
hsps,hsps
(ps),(ps)
rs,reg1cp
50-100,50-100
ksfm,ksfm
(ag1024),(ag1024)
(ser15,(ser15
(4x104,(4x104
(sclu),(sclu)
he45,he45
trf2,h6limo
(hsps),(hsps)
53,53
(nclu),(nclu)
mem,mem
(atm+),(atm+)
hbec,hbec
psclu),psclu)
(p21,(p21
igf-1r,igf-1r
elisas,elisas
rasv12,rasv12
he49,he49
3a),3a)
atm+,atm+
(aai,(aai
pd#36),pd#36)
~80,~80
co,aqp-1
(at),(at)
(pd,(pd
mn,fln2
igf-1/igf-1r,igf-1/igf-1r
sclu,sclu
pot1,cmm10
aai,aai
ag1024,ag1024
o2,igkv1d-39
(p-igf-1r),(p-igf-1r)
(p13,(p13
4c),4c)
imr-90,imr-90
2f),2f)
(dsbs),(dsbs)
(psclu),(psclu)
sclu's,sclu's
(igf-1),(igf-1)
atr),atr)
maf291,maf291
h2o2,h2o2
(cgk733),(cgk733)
clu,ltrpc2
at2052,at2052
(sirna),(sirna)
mab291,mab291
65,65
ddrs,ddrs
nclu,nclu
sips),sips)
p16(ink4a),p16(ink4a)
39,39
sclu),sclu)
(dna-pk),(dna-pk)
pd#92),pd#92)
(igf-1r),(igf-1r)
ogx-011,ogx-011
p21(cip1),p21(cip1)
ras12v,ras12v
rs),rs)
src/mapk,src/mapk
ptripz,ptripz
psclu,psclu
atm-/-,atm-/-
igf-1-igf-1r,igf-1-igf-1r
apc/ccdh1,apc/ccdh1
1x106,1x106
4d),4d)
a83-01,a83-01
shrnas,shrnas
runx1,runx1
acvr2b,actriib
6c,6c
~1028,~1028
2%fbs,2%fbs
lr,lr
cdt2,dxs6673e
apc/c,apc/c
acvr2a,actrii
id2,id2
e3s,e3s
(tpo),(tpo)
k63,k63
(pma),(pma)
discussion,discussion
15~20%,15~20%
igg1,igg1
tpo,ml
a3,igkv2d-28
~2414,~2414
sb413542,sb413542
26s,26s
ddb1,xpce
480,480
c-mpl,thpor
apccdh1,apccdh1
k48,k48
(e3),(e3)
tpo-,tpo-
gata1,gadevs
bmp4,bmp4
snon,snon
cd41,gp3a
k562,k562
~6,~6
(e2),(e2)
systems),systems)
gata2,imd21
cd61,gp3a
20nm,20nm
cdc20,p55cdc
h2a,h2afm
cmpl,cmpl
[pp2],[pp2]
gf109203x,gf109203x
moi],moi]
gpcrs,gpcrs
icn,icn
urokinase,urokinase
[dpi],[dpi]
factor,factor
upa,ews-atf1
adam-12,adam-12
tapi-1],tapi-1]
human,human
ca],ca]
[dmem],[dmem]
smc,vcc1
h7,h7
(hb-egf),(hb-egf)
ct],ct]
gfx],gfx]
ctf,kiaa1911
contributions,contributions
[dmem,[dmem
[tapi-0,[tapi-0
4e],4e]
ark1,btak
gp2a,gp2a
tapi-1,tapi-1
mn],mn]
prohb-egf,prohb-egf
[a,[a
transactivation,transactivation
pp2,npy6r
triple,triple
3d],3d]
nad[p]h,nad[p]h
muscle,muscle
[rtk],[rtk]
pp3,pp3
dpi,dspp
4f],4f]
epidermal,epidermal
(adam-10,(adam-10
[pkc],[pkc]
[sirna],[sirna]
24-,24-
va],va]
2b],2b]
[15,[15
[vsmc],[vsmc]
[hb-egf],[hb-egf]
gp-2a,gp-2a
gpcr,mgc40597
[10,[10
[gpcr],[gpcr]
results,results
anti-hb-egf,anti-hb-egf
requires,requires
[1,[1
tapi-0,tapi-0
[adam],[adam]
5x104,5x104
erk/mapk,erk/mapk
[egfr],[egfr]
hb-egf,hb-egf
[h7,[h7
upar,upar
440,440
mo],mo]
[ctf],[ctf]
crm197,crm197
adam10,mudpnp
adam-17,adam-17
adam-12),adam-12)
1a],1a]
adam-9,adam-9
2f],2f]
(eaca)],(eaca)]
ag1478,ag1478
[nac],[nac]
100-mm,100-mm
protease,nr3c3
eaca,eaca
vsmcs,vsmcs
receptor,receptor
[tmps],[tmps]
proliferation,proliferation
membrane,membrane
adam12,mcmpmltna
ev,ev
ma],ma]
pa],pa]
2a],2a]
-10,-10
par1,htr
[pai-1],[pai-1]
growth,growth
bapta-am,bapta-am
smooth,smooth
mediated,mediated
methods,methods
1-10,1-10
[mmp],[mmp]
barkct,barkct
ia],ia]
kd),kd)
cd36,gp6
inos,ino1
(vegf,(vegf
(hfd),(hfd)
(tlr4),(tlr4)
sirna1,sirna1
(ffas),(ffas)
ldha,pig19
foxo1,foxo1a
socs3-foxo1,socs3-foxo1
ldh-a,ldh-a
co2),co2)
hifs,hifs
s3c),s3c)
cd4+t,cd4+t
ldh,ldh
d12492,d12492
ffa,ffa
az,az
glut1,dyt9
(p,(p
s3a),s3a)
d12450b,d12450b
o,o
sildha,sildha
hif,hif
12-h,12-h
lc,lc
(hfd,(hfd
nad,nad
sildh-a,sildh-a
mrp8,sap14a
zr,zr
gc-tof-ms,gc-tof-ms
mhc,psors1
(il-6,(il-6
(bmi),(bmi)
ccl20,st38
(200,(200
(ffa),(ffa)
nd,lp-a3
tlr4-i,tlr4-i
hfd),hfd)
ffas),ffas)
(tlr4,(tlr4
13092,13092
3050-bp,3050-bp
hl,lipc
bmi,bmi
ip,ptgir
oa,oap
tmmu,tmmu
*p,*p
sirna2,sirna2
hfd,hfd
nadh,nadh
anti-gapdh,anti-gapdh
sitlr4,sitlr4
28,28
(105,(105
ikkbeta,ikkbeta
sinc,sinc
ffas,ffas
<3,<3
nu-8500,nu-8500
(ffas,(ffas
tirap,mal
(hifs),(hifs)
(nd),(nd)
kd,p73l
tlr2,cd282
mrp14,sap14a
anti-ldha,anti-ldha
56,56
cgi-58,ncie2
nbs1,flj20510
ser216,ser216
rwpe-1,rwpe-1
(casplab,(casplab
h3,h3fm
(mgmt),(mgmt)
(pchk1,(pchk1
chk1/chk2,chk1/chk2
8b),8b)
adt,adt
genios,genios
53bp1,tp53bp1
zen,zen
crpc,crpc
pcdk1,pcdk1
7c),7c)
(stats),(stats)
(oncover,(oncover
uvb,uvb
chk2,hucds1
(4,(4
interest,interest
facsdiva,facsdiva
ebv,ebv
du145,du145
st1968,st1968
(tbhp),(tbhp)
pc3,ck-6c
dcfh2-da,dcfh2-da
conflicts,conflicts
gsh,gsh
pc3),pc3)
patm/atr,patm/atr
patm,patm
materials,materials
ser1981,ser1981
nacl,nacl
atr-chk2,atr-chk2
dfc420c,dfc420c
p<,p<
rad3,rad3
atm/atr/chk1,atm/atr/chk1
funding,funding
140,140
cdc25c,h-grf55
pi-,pi-
ser10,ser10
gammah2ax,gammah2ax
mi,shep3
535,535
(ecl),(ecl)
atm-chk2,atm-chk2
mnr,kiaa0753
np-40),np-40)
atm/atr-chk1,atm/atr-chk1
(stat3),(stat3)
anti-cdc25c,anti-cdc25c
atm-chk1,atm-chk1
tecan,tecan
gl,ptg
(hndfs),(hndfs)
pchk1,pchk1
mtas,mtas
brca1-ctip,brca1-ctip
98,98
(atm,(atm
va,cpox
exciter,exciter
vp-16,vp-16
2012,2012
dm2500,dm2500
patr,patr
rad50,nbsld
(crpc),(crpc)
(mre11,(mre11
mac,mac
(24,(24
(pi),(pi)
sk-n-sh,sk-n-sh
figures,figures
mcf7,mcf7
(egcg),(egcg)
105),105)
atm/atr,atm/atr
pstat-5,pstat-5
tyr15,tyr15
(stat),(stat)
pchk2,pchk2
ucn-01,ucn-01
or,or
zoom,zoom
tbhp,tbhp
(adt),(adt)
(mtas),(mtas)
fh2ax,fh2ax
8d),8d)
(gl),(gl)
(du145,(du145
mineco,mineco
(atcc,(atcc
atm-,atm-
pstat-3,pstat-3
anti-parp,anti-parp
parp,adprt1
/stat3,/stat3
pcdc25c,pcdc25c
pc-3,msmp
(fh2ax),(fh2ax)
(parp),(parp)
pink1,pink1
dp5/hrk,dp5/hrk
akt1,cakb
bim,smc3l1
g2019s),g2019s)
akt/pkb,akt/pkb
(ap-1),(ap-1)
(akt),(akt)
6-ohda,6-ohda
r1441h,r1441h
(erks),(erks)
trna,trna
r1441c,r1441c
y143,y143
pc12,pc12
sh3,sh3
jnk3,jnk3
g2019s,g2019s
(jnk3),(jnk3)
(dat),(dat)
amn107,amn107
aimp2,hld17
atp),atp)
(pink1),(pink1)
(th),(th)
(jip1),(jip1)
(pkb),(pkb)
k252a,k252a
lrrk2,dkfzp434h2111
posh,posh
(pd),(pd)
lrk-1,lrk-1
(da),(da)
da,da
1/jnk3,1/jnk3
pd,pd
286,286
mptp,mptp
(hva),(hva)
cep-1347,cep-1347
(lrrk2),(lrrk2)
rtp801,flj20500
lrrk2along,lrrk2along
(mptp),(mptp)
14-3-3,ywhad
sv,sv
lb,lb
stk39,paskin
dat,dat
(sn),(sn)
y412,y412
fbp,folr1
oncomine,oncomine
ras-gdp,ras-gdp
(wasp,(wasp
gaps,gaps
itsn2-k15,itsn2-k15
dab-1,dab-1
ras-gtp,ras-gtp
itsn2-s,itsn2-s
(itsn-s),(itsn-s)
(eh),(eh)
1270,1270
(cc),(cc)
pi3ks,pi3ks
cc,cc
(itsns),(itsns)
itsn2,swap
itsn1-s,itsn1-s
ccp,cca3
erk-mapk,erk-mapk
stop,flj41346
dap160,dap160
ca1,eif6
romk1,romk
(rbd),(rbd)
eps15,mllt5
itsn1-l's,itsn1-l's
cin85,hsb-1
33a,33a
shca,shc
hras,hamsv
snares,snares
(ks),(ks)
(sh3),(sh3)
(gefs),(gefs)
itsn-s,itsn-s
wip,wip
(nbl),(nbl)
itsn-l,itsn-l
itsn-1s,itsn-1s
itsn1,mgc134949
ralt,mig-6
(mapks),(mapks)
(itsn),(itsn)
(ap2),(ap2)
rasgtp,rasgtp
dh-ph,dh-ph
eh,eh
(npf),(npf)
mig6,mig-6
1l,1l
ap2,ap2
(wasp),(wasp)
c2,cfab
pip2,pip2
(ship2),(ship2)
sara/smad,sara/smad
n-wasp),n-wasp)
ralt/mig6,ralt/mig6
wasp,waspa
(ph),(ph)
(sara),(sara)
ras/map,ras/map
wnk4,pha2b
gap,p120cas
sara,masra2
ras-erk,ras-erk
(bcr),(bcr)
snap-25),snap-25)
ecs,ecs
wh2,wh2
sos1,dcua
bcr,bcr
sh3-sh3,sh3-sh3
(sv),(sv)
(lmp2a),(lmp2a)
gef,psmd7
alix,hp95
ebv's,ebv's
ship2,ship2
itsn,mgc134949
33c,33c
(ebv),(ebv)
dscr1,adapt78
itsn2l,itsn2l
ralt),ralt)
itsn1-l,itsn1-l
snap23,snap23a
fcho,fcho
nbl,numbr
itsn2-l,itsn2-l
ebr,ebr
(wip),(wip)
fcho1/2,fcho1/2
dh,dh
sh3-c,sh3-c
wnk,wnk
snap-25,ric4
n-wasp,n-wasp
gdp,gdp
ephb,ephb
(itsn-l),(itsn-l)
snap25,ric4
(gaps),(gaps)
(ccp),(ccp)
itsn-1,itsn-1
gefs,gefs
nmda-type,nmda-type
ephb2,haha1
tgfb,calm
nbls,nbls
pplp,pplp
k15,k1co
wnk1,hsn2
rabep1,rabaptin-5
itsns,itsns
gbms,gbms
k15-itsn2,k15-itsn2
kshv,kshv
(stop),(stop)
lmp2a,lmp2a
#p,#p
1341,1341
9,9
spss,spss
bw,bw
(260,(260
(cvf),(cvf)
(lvedp),(lvedp)
238,238
115,115
hw/bw,hw/bw
8663,8663
702,702
az876,az876
(ace),(ace)
1090,1090
1237,1237
170,170
ace-ang,ace-ang
(300,(300
ii-at1r,ii-at1r
(lvw),(lvw)
-p38,-p38
132,132
mapk/ras,mapk/ras
8038,8038
105%,105%
1293,1293
lvedp,lvedp
hk-2,hk-2
9141,9141
pfd),pfd)
4666,4666
8539,8539
lvw,lvw
10806,10806
ace,flj31638
13),13)
pfd,cfd
at1r/p38,at1r/p38
6-0,6-0
1044,1044
at1r,agtr1b
ace2,ace2
(at1r,(at1r
(is),(is)
ii/at1,ii/at1
-at1r,-at1r
1173,1173
1033,1033
1351,1351
atrap,agtrap
1231,1231
lvw/bw,lvw/bw
-ace,-ace
1481,1481
(35,(35
spr-838,spr-838
8448,8448
1228,1228
-ace2,-ace2
vi,vi
1157,1157
(nih,(nih
(lxr),(lxr)
512,512
mapk-ras,mapk-ras
9a,9a
(lvsp),(lvsp)
hw,hw
lvsp,lvsp
dp25,dp25
ace/ace2,ace/ace2
467,467
6147,6147
lvh,lvh
cvf,cvf
6526,6526
420,420
6475,6475
(pfd),(pfd)
le,cd174
430,430
(sem),(sem)
(ras),(ras)
349,349
vpa,vpa
id,id
yap/taz,yap/taz
lh,eds6
(escs),(escs)
cdc42hs,cdc42
qrt-pcrs,qrt-pcrs
au,bcatm
122,122
psmad1,psmad1
ic,ic
rho-gdi,rho-gdi
ebs,ebs
(rars),(rars)
nk2,tac2
mesc,mesc
(rhpn2),(rhpn2)
(dusp9),(dusp9)
s3d),s3d)
crabpii,crabpii
rars,pch6
plekhg5,gef720
bmps,bmps
mef,elfr
s1a,s1a
srf,srf
ah,fksg80
(ra),(ra)
(li-cor),(li-cor)
(lif),(lif)
(bmp),(bmp)
s3f),s3f)
sox1,sox1
s1e),s1e)
5f),5f)
flag,flag
ll-37,ll-37
s1b),s1b)
(imdm),(imdm)
(bmpr),(bmpr)
rar,sec4l
(mesc),(mesc)
imdm,imdm
105/ml,105/ml
(vpa),(vpa)
s3b),s3b)
gfp-rhoa,gfp-rhoa
bmp7,op-1
(crabpii),(crabpii)
s1d,s1d
10-kd,10-kd
esc,esc
s1d),s1d)
sh-sy5y,sh-sy5y
fox3,hrnbp3
s1a),s1a)
dmh,flj30627
eb,eb
262,262
ca-rhoa,ca-rhoa
rbd,rbd
gadd45-like,gadd45-like
cw,cw
tcs,dkcb4
(psmad1),(psmad1)
b3,igkv41
lif,dcua
(eb),(eb)
(mescs),(mescs)
smad5,dwfc
(bmp4),(bmp4)
s4),s4)
(mef),(mef)
gfp-,gfp-
plus-pr,plus-pr
1d,lmod1
s1f),s1f)
rfp-syx,rfp-syx
mescs,mescs
pcdna31,pcdna31
smad1,airs
(sox1,(sox1
>130,>130
rhpn2,rhobp
gtp-rhoa,gtp-rhoa
bmprs,bmprs
sox2,sox2
notes,notes
mapkkk,mapkkk
rarbeta,rarbeta
(smad),(smad)
(emd,(emd
4f),4f)
rfp,trim27
pmapk,pmapk
(1000,(1000
s1c),s1c)
(pmapk),(pmapk)
175,175
sp8,sp8
pik3c3,pik3c3
lc3b),lc3b)
becn1-pik3c3,becn1-pik3c3
lc3b-ii,lc3b-ii
ampk-mtorc1,ampk-mtorc1
becn1,becn1
ulk1was,ulk1was
(ampk),(ampk)
lc3b,atg8f
lc3,map1alc3
l27a9),l27a9)
(hrp),(hrp)
etoh,etoh
sqstm1and,sqstm1and
sqsmt1,sqsmt1
sqstm1/p62,sqstm1/p62
s93),s93)
14000,14000
(mtor),(mtor)
(lc3b-ii),(lc3b-ii)
s91/94,s91/94
atg7,apg7l
pik3c3-p-34,pik3c3-p-34
(uvrag),(uvrag)
uvrag,rp20
disclosure,disclosure
vps34,pik3c3
(dmem),(dmem)
ltd,ltd
2x,2x
pik3r4/p150,pik3r4/p150
(lsb),(lsb)
(hatg1),(hatg1)
run,run
(s14,(s14
lc3a-ii,lc3a-ii
etoh),etoh)
(atg),(atg)
ampk/foxo3a,ampk/foxo3a
c2c12,c2c12
1-vps34,1-vps34
ambra1,dcaf3
s757,s757
atg14,atg14l
(ici,(ici
vmp1,tango5
(s14),(s14)
ulk,ulk
pik3c3/vps34,pik3c3/vps34
chaps,chaps
ampk-,ampk-
atg12-5,atg12-5
(ambra-1),(ambra-1)
p-pik3c3,p-pik3c3
s93,s93
(s164),(s164)
pras40,lobe
sqstm1,slc39a3
s555,s555
s164,rnpc7
(s15),(s15)
(bca),(bca)
ptdins3k,ptdins3k
lc3a,map1alc3
s14),s14)
s14,spot14
de),de)
ulk1,hatg1
p-ulk1,p-ulk1
(ulk1),(ulk1)
gfp-lc3,gfp-lc3
potential,potential
anti-pik3c3,anti-pik3c3
atg14l,atg14l
p62/sqstm1,p62/sqstm1
p-becn1,p-becn1
ctc,ctc
taa,taa
5'-act,5'-act
(ctgf),(ctgf)
rnaimax,rnaimax
cct,flvcrl14q
ggg,ggg
tac,tac
tgc,htg2
ccc,ccc
(col1a1,(col1a1
pge1,pge1
1a2,1a2
tc-3',tc-3'
col1a1,col5a2
5'-agg,5'-agg
hdfs,hdfs
erk-,erk-
ets1,h3p43
cxcr4,lap-3
tcg,tcg
(pge1),(pge1)
ttc,ttc
2/3,2/3
tcc,flj12876
col1a2,col5a2
(hdf),(hdf)
p<001,p<001
ctgf,igfbp8
tgf-,tgf-
gtg,loc102724197
1a1,ipl1
cxc,cxc
ct-3',ct-3'
cag,cag
pge2-ep3,pge2-ep3
m-mlv,m-mlv
p<005,p<005
3a1,3a1
5'-gaa,5'-gaa
(col3a1,(col3a1
hdf,hdf
5'-cag,5'-cag
u/l,u/l
ctg-3'),ctg-3')
(col1a2,(col1a2
gga,gga
12-48,12-48
cga-3',cga-3'
5'-aag,5'-aag
tgg,tgg
5'-atc,5'-atc
7900,7900
(s1,(s1
gag,gag
(va,(va
15000,15000
ca-3'),ca-3')
col3a1,col3a1
5'-ctg,5'-ctg
ctg,ctg
lama3,kalinin-105kda
spata31c2*,spata31c2*
(ttc34,(ttc34
dnah5,hl1
ntrk2,trk-b
bik*,bik*
utr,ur-2-r
grch37,grch37
30131613,30131613
range,range
(af,(af
110,110
map3k15*,map3k15*
spag17*,spag17*
ref,aly
rpe,rpe
hhv6,hhv6
(maf),(maf)
c1qtnf7*,c1qtnf7*
pmm2,pmi1
start,start
surf4*,surf4*
yes1,yes
rgl4*,rgl4*
gm-csf,gmcsf
phf20,hca58
tspan6,t245
mixl1,mixl1
bod1l1*,bod1l1*
(cacna1b),(cacna1b)
bra206,bra206
smarcc1*,smarcc1*
(strs),(strs)
y166,y166
stard8,startgap3
rp2,tbccd2
splice,splice
dot1l,kmt4
map3k14-as1*,map3k14-as1*
(gnal),(gnal)
1/5000),1/5000)
tgif2ly*,tgif2ly*
hipk2*,hipk2*
pik3r4*,pik3r4*
tnfrsf11b,pdb5
comt,comt
gwass,gwass
cacna1c,cav1.2
mrpl45*,mrpl45*
hi,sap14a
14393,14393
wes,wes
linc00632*,linc00632*
kiaa1147*,kiaa1147*
y482,y482
krtap2-4*,krtap2-4*
dgka*,dgka*
sorl1,sorla-1
sam,sam
rab3gap2,pik3r4
ids,mps2
region,region
mcam,mcam
(hi),(hi)
creb1,creb1
abi1,abi-1
genomic,genomic
br333,br333
otog,mlemp
str,stath
808,808
y591,y591
alt,alt
31091705,31091705
kiaa1429,mstp054
rab36,rab36
11634,11634
pemt,pnmtase
y393,y393
dt,flj30627
zscan1,zscan1
18120687,18120687
march1*,march1*
sbf1,cmt4b3
cacna1a,cacna1a
cdk14*,cdk14*
stra8*,stra8*
trim15*,trim15*
y988,y988
cnv,cnv
znf646*,znf646*
30864180,30864180
spink13,mgc149260
hi/mi,hi/mi
~15000,~15000
skor2*,skor2*
sphkap,inpp5k
fasta,fasta
nme1,nm23-h1
61,61
strs,strs
mamld1,mamld1
(mi),(mi)
-1c,-1c
cacna1b,ano3
vac14,wdsts
chr,chr
cmv,cmv
blat-the,blat-the
ref/alt,ref/alt
dnas,dnas
prkag2,h91620p
smad3the,smad3the
rbm10),rbm10)
gcc,gcc
tga,epm8
per2,kiaa0347
(19,(19
(cacna1b,(cacna1b
intron,intron
ebf4,coe4
soga1*,soga1*
(mdd),(mdd)
bam,smc3l1
timp1,pbr
ces4a*,ces4a*
hpa,mfr
cwc27,ny-co-10
consequence,consequence
exonic,exonic
cacna2d4,rcd4
loc100507443*,loc100507443*
tk,tk
(<100,(<100
ac,ba216l13.10
(cnv),(cnv)
ncam1,ncam1
sbf1),sbf1)
alg13,mds031
cdc34*,cdc34*
32025,32025
y292,y292
cand2*,cand2*
ophn1,opn1
ttc28,kiaa1043
mdd,mdd
crhr1,crhr1l
kcnb1,kv2.1
tab3*,tab3*
non-mdd,non-mdd
4-4,4-4
zbtb49*,zbtb49*
rbmxl2,rbmxl2
1963,1963
pard3b,par3l
adra1a,srxy8
191,191
hsv-2,hsv-2
y375,y375
brms1l,brms1
201,201
dot1l*,dot1l*
v5,v5
arrdc2*,arrdc2*
zfc3h1*,zfc3h1*
st14,serpinb9
th3,th3
tro,kiaa1114
suicide,suicide
otogl,dfnb84b
variants,variants
nrep*,nrep*
86,86
prss56,mcop6
3'-utrs,3'-utrs
ttc34*,ttc34*
omim,omim
17th,17th
nbeap1*,nbeap1*
hipk2,pro0593
mybpc1,mybpcc
(hhv6b,(hhv6b
tatdn2*,tatdn2*
tma16*,tma16*
go,ntkl-bp1
y919,y919
aagtt,aagtt
exac,exac
prdm16,kmt8f
gmeb2*,gmeb2*
upstream,upstream
gatk,gatk
shisa6*,shisa6*
ercc5,xpg
col6a6*,col6a6*
cep85l,ny-br-15
hhv-8,hhv-8
br857,br857
pmch,mch
who,who
string,string
cenpc,ddt
hhv-6,hhv-6
dbsnp,dbsnp
mpdz,pdzrn2
gaba(a),gaba(a)
atp11c*,atp11c*
146,146
number,number
hhv6a,hhv6a
pbdc1*,pbdc1*
ckb,ek
nsd1,nsd1
(sra),(sra)
(gatk),(gatk)
sample,sample
pskh1*,pskh1*
blast-like,blast-like
cdc34,cdc34
y421,y421
v5+utrs,v5+utrs
d2,dioii
ninj1,ninjurin
yes1),yes1)
ms,mtr
tmem132c*,tmem132c*
ing5*,ing5*
nav2,unc53h2
y520,y520
30206,30206
gc,gc
kiaa1549,rp86
rbm10,kiaa0122
gtc,gtc
y426,y426
nrep,p311
pcsk5,pc5
(rp2,(rp2
1/5000,1/5000
ube2e3*,ube2e3*
(aff2,(aff2
tc,pacap-r2
<100,<100
79,79
nhs,cxn
dedd2*,dedd2*
y532,y532
hwe,hwe
col6a6,col6a6
bed,myp1
evs,evs
s100a13*,s100a13*
aff2,fraxe
wgs,wgs
febstat,febstat
rere,arl18
gene,gene
cttnbp2,cortbp2
count,count
ncbi,ncbi
lrrc37a4p*,lrrc37a4p*
bwa,bwa
pos,pos
(mnx1,(mnx1
stc2*,stc2*
nudcd3*,nudcd3*
dlg2,mpp2
zc,zc
lobstr,lobstr
d2hgdh,mgc25181
tp53rk,gamos4
tmprss11f*,tmprss11f*
mrpl45),mrpl45)
(y,(y
dmd,dxs268
rbm12b*,rbm12b*
pass,pass
panther,panther
tns1,mstp091
hapln1,crtl1
qname,qname
y787,y787
cfap70*,cfap70*
evs),evs)
cg,catg
blat,blat
znf718*,znf718*
111003183,111003183
sphkap*,sphkap*
rest,nrsf
rph3a,exophilin-1
scly*,scly*
gxylt1*,gxylt1*
exac),exac)
txlna*,txlna*
soga1,kiaa0889
y724,y724
scly,scly
(dbsnp,(dbsnp
pcyox1l*,pcyox1l*
(evs),(evs)
ttc28*,ttc28*
mrap2,c6orf117
bib82,bib82
mrpl45,mrp-l45
y516,y516
tgif2ly,tgif2ly
maf,cca4
enst00000358775*,enst00000358775*
hsv-1,hsv-1
nr0b1,hnpp
gnal,gnal
h2afz*,h2afz*
st,st
zscan1*,zscan1*
mnx1,hb9
bace1,bace
man1b1,mana-er
y316,y316
wdr12*,wdr12*
1/71,1/71
htr1b,psmd7
gwas,gwas
rabggta,rabggta
36478478,36478478
(wes),(wes)
tfe3,auts9
(hhv6),(hhv6)
cerna,cerna
pmd19-t,pmd19-t
pc-ppp1r18,pc-ppp1r18
-152,-152
lcn2-r,lcn2-r
(pkc/erk),(pkc/erk)
sheec,sheec
(pc-misp,(pc-misp
sds],sds]
ec109,ec109
(lcn2),(lcn2)
1883,1883
1461,1461
pkc/ros/mapk,pkc/ros/mapk
klf15,klf15
shee,shee
(ripa),(ripa)
mmp9,gelb
pb152,pb152
sp600125),sp600125)
s-145,s-145
1636,1636
(spss,(spss
pglb152,pglb152
misp-f1misp-r1,misp-f1misp-r1
g418,g418
prltk,prltk
misp,dkfzp686h18209
s-600,s-600
klf10,tieg
199,199
(pglb),(pglb)
[50,[50
(tpa),(tpa)
pcdna3,pcdna3
s-175,s-175
mek-erk,mek-erk
(misp,(misp
s-133,s-133
p-jnk,p-jnk
(tre),(tre)
ppp1r18-f1ppp1r18-r1,ppp1r18-f1ppp1r18-r1
c19,c19
s-121,s-121
klf15-f1klf15-r1,klf15-f1klf15-r1
lcn2,lcn2
(qiagen,(qiagen
ppp1r18,ppp1r18
klf10-f1klf10-r1,klf10-f1klf10-r1
pcrs,pcrs
lcn2-f,lcn2-f
2054,2054
s-248,s-248
p-40,p-40
130,130
s-40,s-40
8900,8900
(tre-),(tre-)
s-125,s-125
pc-misp,pc-misp
pkc/erk,pkc/erk
-60,-60
tre,mtte
c/ebp-beta,lap
elf3,elf3
s-331,s-331
du,du
kiaa1949,ppp1r18
6000,6000
(npc),(npc)
ctfg,ctfg
(np,(np
(p10),(p10)
usp28,usp28
lats2,lats2
(p12w),(p12w)
anti-lats2,anti-lats2
4a-4c,4a-4c
(tead),(tead)
(p)-yap,(p)-yap
mr,nr3c2vit
lats1,warts
npc,znf635m
shyap,shyap
bmp13,gdf6
(idd),(idd)
p4w,p4w
ivd,acad2
(np),(np)
dmem/f12,dmem/f12
127),127)
360,360
(p3),(p3)
(lats1/2),(lats1/2)
p3,pmscl
(dhi),(dhi)
npcs,npcs
tea,tea
anti-ctgf,anti-ctgf
(cck)-8,(cck)-8
9f,hxc-26
50w,50w
(yap),(yap)
3%,3%
yap-lats,yap-lats
(shyap),(shyap)
af,arsf
np,erda2
lats1/2,lats1/2
idd,idd
ce,ce
p50w,p50w
14w,14w
p10,42c
lu,bcatm
p-yap,p-yap
9g),9g)
dhi,dhi
(amot),(amot)
cck-8,cck-8
taz,lvncx
yap,hcca1
gata4,avsd
lats,lats
(npcs),(npcs)
(af),(af)
3a-3c),3a-3c)
(f,(f
vgll4,vgl-4
8a,8a
(gapdh),(gapdh)
p12w,p12w
mirna,mirna
4w,4w
ce),ce)
ml/100,ml/100
8c,8c
tables,tables
(mst1/2),(mst1/2)
(nf2),(nf2)
%dhi,%dhi
tead,tead
h&e,h&e
106),106)
csf1r,m-csf-r
fgfr,fgfr
375,375
ccnd1,prad1
erk2,haha1
591,591
zj,zj
fdr,fdr
kdrsgk1,kdrsgk1
gs,gpr44
12871,12871
(map),(map)
l1000,l1000
(fgfr2),(fgfr2)
rap1,krev-1
pdgfra,cd140a
mrg,mas-l
(lincs),(lincs)
(ergic),(ergic)
hsp90aa,hsp90aa
hsp90aa2,lap-2
clta,cacd1
2552,2552
364,364
itgb7,itgb7
usp32,usp32
4424,4424
sp3,spr-2
231,231
fez1,fez1
cftr,est182763
vhl,trc8
ca2+,ca2+
(pi3k-akt,(pi3k-akt
573,573
er),er)
col5a3,col5a3
raf1,ecp
63000,63000
geo,geo
tor1a,dyt1
stk16,map3k16
(gcn),(gcn)
(vegfr-2),(vegfr-2)
fam3c,ilei
rap1a,krev-1
4467,4467
sgk1,sgk1
chek2,hucds1
fi,ifmh
ets2,ets2it1
576,576
3136,3136
(fgfr4),(fgfr4)
david,david
itgb1,vlab
efgr,efgr
z,psmb7
por,cpr
ywhaz,ywhad
pp2r3a,pp2r3a
162,162
(fi),(fi)
fgf17,bfgf
kegg,kegg
fgfr4,tkf
tmed10,tctp
itgb4,lap1c
isbn,isbn
21290,21290
crtap,ywhad
stk11,hlkb1
pml,pml
kdr,kdr
3647,3647
lama2,lamm
ppap2b,pap2b
c3,a1cf
ptengrb2pp2r3a,ptengrb2pp2r3a
225,225
rrna,rrna
gpr107,ba138e2.2
jak-stat,jak-stat
vamp7,vamp7
(csf1r)),(csf1r))
kpt,kpt
srprb,apmcf1
100),100)
fgfr2,bbds
il7rtnn,il7rtnn
csnk1d,cki-delta
iii-1,iii-1
(a-f),(a-f)
jp-153,jp-153
gsc,ipip27a
zx,zx
v+/pi-,v+/pi-
ki67,ki67
[pbs,[pbs
tata-box,tata-box
(fn),(fn)
cdw338,ne-dlg
sn50,sn50
2ab,2ab
6a-f,6a-f
3c-e,3c-e
peg-it,peg-it
(gscs),(gscs)
bx61,bx61
6abf,6abf
u87mg,u87mg
trail,tl2
(dmem,(dmem
(fak),(fak)
e/cdk2,e/cdk2
u87,hbii-276
(cam-dr),(cam-dr)
(fbs,(fbs
mir-449a,mirn449
mts,ddp1
d-cdk4/6,d-cdk4/6
abcb1,kiaa0882
fak,fak
1/1000,1/1000
(mrp),(mrp)
u251,u251
cd133-,cd133-
(gscs,(gscs
yl,yl
hes1,gatd3a
-9,-9
gscs,gscs
395,395
jl,jl
10000,10000
mdr1,kiaa0882
(mmp)-2,(mmp)-2
(mdr1),(mdr1)
jetprime,jetprime
spy1,ringo3
p-fak,p-fak
abcc,hdm2
pi3k-,pi3k-
u87-gsc,u87-gsc
(b-fgf),(b-fgf)
6b,6b
vt,ubn1
fn,hapo
emap-ii,emap-ii
(ta),(ta)
cfx,cfx
ig1,ig1
abcc1,hdm2
(egf,(egf
u937,u937
b-27,b-27
abcg2,ne-dlg
fn),fn)
(mts),(mts)
zl,zl
ic50,ic50
(150),(150)
194,194
ta-fluc,ta-fluc
(gfap,(gfap
(bcrp),(bcrp)
(mmp-9),(mmp-9)
t-akt,t-akt
cpeb1,hcpeb-1
cfx384,cfx384
(mmps)-2,(mmps)-2
ivis,ivis
5-fu,5-fu
fns,fns
yx,yx
(tcga),(tcga)
(abcb1),(abcb1)
800x,800x
qy,qy
mst1/2,mst1/2
zeb1,bzp
a-cdk2,a-cdk2
ck1,ehk
tnm,odz1
d1-cdk4,d1-cdk4
il-8,zap128
axin2,axil
lats1/2),lats1/2)
tcf7l2,sef2-1a
mkn45,mkn45
(csc),(csc)
nfkb1,nfkb-p105
tgm1,li
(gli1,(gli1
ctnnb1,nedsdv
cd44+,cd44+
tgm,tgm
caga,sap14a
(pdcd4),(pdcd4)
twist1,scs
mkn,mkn
snail,snail
(mmp),(mmp)
(met+),(met+)
g/h,g/h
foxq1,hfh1
sip1,octs2
mmp1,clg
[smo]),[smo])
fish,sh3pxd2a
cox2,mtco2
mcc/apc,mcc/apc
12-lox,alox15
prrx1,pmx1
(tcf/lef),(tcf/lef)
epha2,ctpa
gsk3),gsk3)
igfr-ir,igfr-ir
nfkb2,lyt-10
nccn,nccn
rtk/ras,rtk/ras
maml1,kiaa0200
tead1-4,tead1-4
fbp1,folr1
egfr),egfr)
sox10,sox10
(mst1/1,(mst1/1
cd24,cd24
mmp2,mmp2
(expand)a,(expand)a
(ctnnb1),(ctnnb1)
(emt),(emt)
sfrp,sfrp
taz1,lvncx
erb-b,erb-b
k-ras,ki-ras
yap1,yap2
gsk3beta,gsk3beta
cox-2/,cox-2/
fsp1,rit
lox-5,lox-5
sall4,hsal4
azd4547,azd4547
cox-1,cox-1
yap1/taz,yap1/taz
wnt10a,ssps
(her2-),(her2-)
cdx1,cdx1
granite-1,granite-1
hey2,gsr
tgfbetari,tgfbetari
conflict,conflict
lox,aat10
zeb-1,zeb-1
hgfr),hgfr)
prpx1,prpx1
pdcd4,pdcd4
igg2,igg2
(iarc),(iarc)
(gc),(gc)
cdk6,plstire
hur,hua
(gec),(gec)
hgf),hgf)
tead4,reps2
5-lox,5-lo
(hmg),(hmg)
(nf)-kb,(nf)-kb
runx3,cbfa3
(lox),(lox)
axin,axin1
gli1,ppd1
(nccn),(nccn)
(hsfrp),(hsfrp)
(her2),(her2)
mmps),mmps)
hgf,dcua
(ram),(ram)
emt,emt
gcs,gmcl1l
gsk3,gsk3
gli2,thp1
mkn-28,mkn-28
mfolfox6,mfolfox6
184,184
vegfr2,kdr
avagast,avagast
(tgm),(tgm)
wnt2,irp
muc5ac,leb
gli3),gli3)
muc2,muc2
mvi,mvi
htb-26,htb-26
pdgf-bb,pdgf-bb
mcp1,gdcf-2
dcisa,dcisa
cdcp1/cep3,cdcp1/cep3
ed,ed
49,49
et,et
g-csf,g-csf
(cdcp1),(cdcp1)
fb,cfab
647,647
tnbcs,tnbcs
cd318,trask
oe19,oe19
ft,ft
ncslc,ncslc
10x,10x
cdcp1,trask
pdgfrbeta,pdgfrbeta
sum159,sum159
(ihc,(ihc
ip10,ip10
pdgf-like,pdgf-like
600%,600%
ls,hussy-01
38),38)
egfr/her3,egfr/her3
n1,n1
pg,gpr44
wb,wb
whf,whf
2336,2336
hcc1937,hcc1937
ras/raf/erk,ras/raf/erk
2002,2002
pdgf-bb/pdgfrbeta,pdgf-bb/pdgfrbeta
(n,(n
2016,2016
htb122,htb122
4),4)
tnbc,tnbc
t1,ncrna00021
crl,plca2
whd,whd
pdgfralpha,pdgfralpha
cep3,cdc42ep3
cub,cub
pe,pe
pdgf-ab,pdgf-ab
861,861
htb-177,htb-177
chx,chx
pdgfrbeta-,pdgfrbeta-
bt549,bt549
(y751),(y751)
ras/erk,ras/erk
cdcp1),cdcp1)
27),27)
adcis,adcis
mir-9,mir-9
40x,40x
te2000-s,te2000-s
45%,45%
02092,02092
(dcis),(dcis)
tncbs,tncbs
uo126,uo126
(pdgfrbeta),(pdgfrbeta)
irccs,irccs
hrg,hgl
facscan,facscan
(tnbcs),(tnbcs)
52,52
17),17)
(id,(id
sum149,sum149
di,cd233
nci-h460,nci-h460
il1ra,bun62
eclipse,eclipse
mda-mb,mda-mb
36),36)
bb,bb
mc,mc
pdgf-aa,pdgf-aa
03636,03636
htb-132,htb-132
(fish),(fish)
whfs,whfs
egf-egfr,egf-egfr
734,734
tyr734,tyr734
(ffpe),(ffpe)
(dab,(dab
(ihc),(ihc)
(ccnd1,(ccnd1
(fitc),(fitc)
154,154
(mtt),(mtt)
(pka,(pka
fsh,rnf3a
246,246
(cyp19a1),(cyp19a1)
p450,cyp2b
hoxc13,cypia1
(10-40,(10-40
fshr-pka,fshr-pka
(fsh),(fsh)
iq,iq
fshr,fshr1
(ccnd1),(ccnd1)
ccne1,ccne
mtt,mtt
h89,h89
1x107,1x107
gab2,gab2
(camp),(camp)
casp3,cpp32
nm_013523,nm_013523
sash1,kiaa0790
pka,pka
ovcar-3,ovcar-3
ccne1),ccne1)
q-pcr,q-pcr
(tgesas),(tgesas)
tws119,tws119
(casp3),(casp3)
(1x105,(1x105
fsh),fsh)
(pka),(pka)
ido,ido
(elisa),(elisa)
ido1,ido
rt-qpcr,rt-qpcr
(pd-l1),(pd-l1)
57,57
cck8,cck8
ggc-3',ggc-3'
jak/stat,jak/stat
jak2,jtk10
x5,x5
ge,dee11
p-stat3,p-stat3
pd-1,rpl17
197,197
ido-1,ido
sv-huc-1,sv-huc-1
123,123
744,744
(t24,(t24
il-6/stat3,il-6/stat3
>24,>24
718,718
2018,2018
>65,>65
rpmi-1640,rpmi-1640
kgaa),kgaa)
j82,j82
eau,eau
>3,>3
kgaa,kgaa
(ido1),(ido1)
j82),j82)
pd-l1,b7h1
211,211
(ant),(ant)
(mibc),(mibc)
881,881
mibc,mibc
t24,t24
30%-50%,30%-50%
f12k,f12k
umuc3,umuc3
(cck-8,(cck-8
43,43
si-ido1,si-ido1
li-cor,li-cor
ne,dee11
nmibc,nmibc
(li-cor,(li-cor
>ii,>ii
(nmibc),(nmibc)
il6,dcua
hulec,hulec
er-pm,er-pm
trpv4,trpv4
5x105,5x105
actt,actt
nu-page,nu-page
btp2,btp2
trp,tyrp
(hulecs),(hulecs)
c-,c-
824,824
pm,prb1
trpc1,htrp-1
(7,(7
w/d,w/d
fuo-3am,fuo-3am
hulecs,hulecs
cs+dmso,cs+dmso
stim1,d11s4896e
mcdb131,mcdb131
(60,(60
cst,cdg2f
(balf),(balf)
balf,balf
i/e,i/e
(lsd),(lsd)
cs+btp2,cs+btp2
(btp2,(btp2
(trpc),(trpc)
btp-2,btp-2
(soce),(soce)
crac,crac
dmso+hvt,dmso+hvt
dag,agrnr
he,el1
(stim1),(stim1)
(80,(80
stim1/orai,stim1/orai
alc-v8,alc-v8
trpc4,htrp4
hz,hz
vili,vili
nox2,gp91phox
(hulec),(hulec)
soc,pp2243
(icu),(icu)
x200,x200
(cs,(cs
+btp2,+btp2
18%,18%
dmso+cs,dmso+cs
stim1-,stim1-
(vili),(vili)
(isoc),(isoc)
stim,stim
cs,cs
soce,soce
lvt,lvt
zsgb-bio,zsgb-bio
peep,peep
ards,ards
nos1,ino1
(sno),(sno)
nos,ino1
pdz,pdz
nos2,ino1
(nos1,(nos1
psd-95,lgl1
ikkb,ikkb
psd93,mpp2
(l-name),(l-name)
nos3),nos3)
(no),(no)
noss,noss
sno-pten,sno-pten
cne2,cne2
(hif-1),(hif-1)
(cck-8),(cck-8)
fujifilm,fujifilm
p70,ubash3b
las3000,las3000
amp,aprtd
pkm2),pkm2)
kf,kfa
kfs,gdf6
pkm2,cdk11-p110
nj,nj
trim44,an3
emt),emt)
(1x104,(1x104
(pkm2),(pkm2)
(nc,(nc
cck-8),cck-8)
hif-1),hif-1)
ex,ex
(s6k1),(s6k1)
p70s6k1),p70s6k1)
n2),n2)
210,210
ccatctctt-5',ccatctctt-5'
5'-gtagtgctg-,5'-gtagtgctg-
hif-1,hypb
m2,m2
(rsk),(rsk)
ccle,ccle
113,113
heracell),heracell)
lgc,lgc
pl,hoxa6
hl-60,hl-60
10a,10a
pi-5,pi-5
(pe),(pe)
pu1,pu1
aka,ngn1
u-pa,ews-atf1
(ci),(ci)
(chpl),(chpl)
flica,flica
13%,13%
p-mek,p-mek
chpl,chpl
abt-263,abt-263
bcl-xl,ppp1r52
el,tbcel
1/10,1/10
g2-m,g2-m
ras-mapk,ras-mapk
bh3,bh3
mcf,mcf
ad,ad
hsp60,hsp65
anti-hsp60,anti-hsp60
(momp),(momp)
(iap),(iap)
mcl1,thph12
7-aad,7-aad
(pl),(pl)
(ccle),(ccle)
(ptx),(ptx)
(ag1478),(ag1478)
ptx,ptx
momp,momp
akr,akr
mcf10a,mcf10a
mapk-elk-1,mapk-elk-1
bfl-1,bfl-1
v-pe,v-pe
rsk,hox2h
(cls,(cls
thr202,thr202
iap,ba217h1.1
abt-737,abt-737
ds,nedsswi
cid,cid
(1250),(1250)
(pfa),(pfa)
kv,kv
ocs,ocs
pla,pla
(gm-csf),(gm-csf)
(vegfr2),(vegfr2)
(cxcr4,(cxcr4
oc,bgp
ct40,taf7l
(p-akt),(p-akt)
160),160)
(cd133+,(cd133+
epc,epc
(epc),(epc)
(ria),(ria)
(tbst),(tbst)
(14,(14
rank-rankl,rank-rankl
vegfr2+),vegfr2+)
epcs,epcs
(rankl),(rankl)
hmg-coa,hmg-coa
114u,114u
(amd3100),(amd3100)
4a-4c),4a-4c)
(sd),(sd)
scanco,scanco
(rank),(rank)
(amd3100,(amd3100
tnfr,tnfr
microrna-126,microrna-126
5x5,5x5
nadph,decr
amd3100,amd3100
(t-akt),(t-akt)
(epcs),(epcs)
rankl,ct134
(70,(70
(he),(he)
siha-rr,siha-rr
os,bbbg1
hpv,hpv
ptch2,ptch2
311,311
1980,1980
hela-rr,hela-rr
rtct,rtct
e6,e6
h460,h460
gli3,dnai1
globocan,globocan
myc,myc
570,570
185,185
(rtct),(rtct)
gant61,gant61
(gk,(gk
(os),(os)
5e1,5e1
181,181
(dfs),(dfs)
dfs,dfs
orcid,orcid
bmi1,flvi-2/bmi-1
ivb,ivb
